watershed_group_code,blue_line_key,downstream_route_measure,wscode_ltree,localcode_ltree
ADMS,356362743,750.608,100.190442.999098.995997.058910,100.190442.999098.995997.058910
ALBN,354153558,0,930.077174,930.077174
ATLL,360219387,0,800.936764.858242,800.936764.858242.219234
ATNA,360879335,49.425,910.275583.999439,910.275583.999439
BABL,360221578,0,400.536025,400.536025.653058
BABR,360886970,62,400.536025,400.536025
BARR,360879992,268.931,600.273049,600.273049
BBAR,356364114,337891.728,100,100.239855
BEAV,359573055,456848.748,200.692231,200.692231.370570
BELA,360885253,0,910.275583,910.275583
BIGC,356360939,11.868,100.342455.095384,100.342455.095384
BLAR,356364550,221.297,100.500560,100.500560
BLUR,359568985,54.331,200.692231.708347.173706,200.692231.708347.173706
BONP,356363594,67.568,100.190442.506118,100.190442.506118
BOWR,356362298,83.088,100.654493,100.654493
BRID,356361637,689.945,100.190442.998192.349877.237590.984912.950504,100.190442.998192.349877.237590.984912.950504
BRKS,354155031,0,930.862497,930.862497
BULK,360873822,78.563,400.431358,400.431358
BULL,356570348,431808.17,300.625474,300.625474.554084
CAMB,354154635,0,920.627155,920.627155
CANO,356365054,13621.684,300,300.824289
CARP,359571482,810.716,200.948755.936906,200.948755.936906
CARR,356363010,34.915,100.458399.466616,100.458399.466616
CHES,356362759,258093.105,100.567134,100.567134.503707
CHIL,356363121,136892.941,100.567134.069486,100.567134.069486.571084
CHIR,356364103,240.842,100.342455.328500,100.342455.328500.001118
CHUK,360886710,496.322,600.823383,600.823383.007819
CHWK,356352298,410.986,100.064535,100.064535
CLAY,354155253,0,930.504218,930.504218
CLRH,356365054,0,300,300.824034
CLWR,356364464,65.126,100.190442.998192.349877,100.190442.998192.349877
COAL,359573055,683093.586,200.692231,200.692231.556630
COLR,356570372,1842412.184,300,300.943238
COMX,354151420,0,920.559826,920.559826
COTR,356364114,646742.687,100,100.458476
COWN,354154938,0,920.388982,920.388982
CRKD,359571965,347.696,200.948755.936906.932956,200.948755.936906.932956
CRYL,359571117,63.648,200.692231.708347.415013,200.692231.708347.415013
DEAD,356361749,59.232,100.190442.712025,100.190442.712025
DEAL,359571877,198393.639,200.692231.708347,200.692231.708347.656101
DEAR,359571877,43.368,200.692231.708347,200.692231.708347
DOGC,356364114,452802.207,100,100.321761
DRIR,356353731,1676.285,100.567134.179319.815989.532920.992397,100.567134.179319.815989.532920.992397
DUNC,356570552,438.563,300.625474.096683,300.625474.096683
DUNE,359573055,372766.072,200.692231,200.692231.304506
ELKR,356570562,5665.051,300.625474.584724,300.625474.584724
EUCH,356363761,49.223,100.500560.248839,100.500560.248839
EUCL,356364550,151240.929,100.500560,100.500560.544196
FINA,359007254,0,200.948755,200.948755.937566
FINL,359569942,1721.044,200.948755.999851,200.948755.999851
FIRE,359569942,200033.694,200.948755.999851,200.948755.999851.662349
FONT,359572629,65.906,200.692231.350733.999823,200.692231.350733.999823
FOXR,359567848,62.829,200.948755.999851.345456,200.948755.999851.345456
FRAN,356338340,56.048,100.567134.374775,100.567134.374775
FRCN,356364114,145320.299,100,100.102516
FROG,359572903,216729.607,200.692231.587311,200.692231.587311.619113
GATA,359570293,378.386,200.692231.587311.633085,200.692231.587311.633085
GLAR,360213483,0,800.901317.610987,800.901317.610987.421313
GOLD,354154308,0,930.508366,930.508366
GRAI,360837705,0,940.349858,940.349858
GRNL,356362136,0,100.190442.506118.553154,100.190442.506118.553154
GUIC,356364119,14.406,100.190442.244975.296261,100.190442.244975.296261
HARR,356364114,84053.569,100,100.057528
HAYR,359571420,581689.577,200.893458,200.893458.604929
HERR,356364051,52.556,100.639480.270767,100.639480.270767
HOLB,354150316,0,930.968384,930.968384
HOMA,360883723,0,900.407906,900.407906
HORS,356357296,3102.363,100.458399.638146,100.458399.638146
INGR,359571145,1029.839,200.948755.992594,200.948755.992594
INKR,360886555,30843.35,700,700.343115
ISKR,360884856,78092.392,600.059339,600.059339.310438
JENR,360886708,1386.76,800.901317.645839,800.901317.645839
JERV,360877786,0,900.236275,900.236275
KAHN,359571858,34.871,200.692231.350733.999823.217968,200.692231.350733.999823.217968
KAKC,360886567,37.344,600.399105,600.399105
KCHL,359570296,18.808,200.893458.633613,200.893458.633613
KEEC,360842839,0,915.669295.153885,915.669295.153885
KETL,356570045,53500.248,300.571168,300.571168.157542
KHOR,356570372,1734740.085,300,300.888248
KHTZ,360872198,0,910.524956,910.524956
KINR,360883731,40.456,500.441851,500.441851
KISK,359571971,123.177,200.948755.789717,200.948755.789717
KISP,360887278,220358.819,400,400.351959
KITL,360885951,4420.497,910.609623.008239,910.609623.008239.036778
KITR,360885824,0,910.665062,910.665062
KLAR,360884719,76.443,600.544210,600.544210
KLIN,360886896,0,900.595322,900.595322
KLUM,360887278,115436.636,400,400.183628
KNIG,360885346,0,900.598651,900.598651
KOTL,356365278,0,300.625474,300.625474.095229
KOTR,356570348,608734.793,300.625474,300.625474.782719
KSHR,360868849,0,910.998407,910.998407
KTSU,360874324,0,915.606604.524213,915.606604.524213
KUMR,360875133,0,910.733753,910.733753
KUSR,360214815,47401.144,800.936764,800.936764.523931
LARL,356570372,1175639.253,300,300.600588
LBIR,360882877,65.927,500.530253,500.530253
LBTN,359572281,273.64,200.948755.796981,200.948755.796981
LCHL,356362759,243.949,100.567134,100.567134
LCHR,356363411,137.175,100.342455,100.342455
LDEN,360883982,0,910.302877,910.302877
LEUT,355991561,3113.755,100.567134,100.567134.641422
LFRA,356364114,0,100,100
LFRT,359567604,93.189,200.692231.350733,200.692231.350733
LHAF,359570578,217.886,200.948755.837217,200.948755.837217
LIAR,359573055,555519.537,200.692231,200.692231.453216
LILL,356359224,790.41,100.077501.955583,100.077501.955583
LISR,360884856,382.432,600.059339,600.059339
LKEC,359572903,147.477,200.692231.587311,200.692231.587311
LKEL,360879877,45.299,400.174068,400.174068
LMUS,359572801,116.557,200.692231.350733.577347,200.692231.350733.577347
LNAR,360885942,0,500,500
LNIC,356363343,72.307,100.190442.244975,100.190442.244975
LNRS,355991561,0,100.567134,100.567134.641422
LNTH,356363833,154.327,100.190442.998192,100.190442.998192
LOMI,359571933,1725.367,200.948755.944288,200.948755.944288
LPCE,359572348,1531710.864,200.948755,200.948755.782921
LPET,359570070,49506.601,200.692231.270936,200.692231.270936.111115
LPRO,359571732,103.248,200.692231.350733.577347.047212,200.692231.350733.577347.047212
LRAN,359572945,15696.517,200.692231.770914.504300,200.692231.770914.504300.214784
LRDO,360877910,0,915.620970.426780,915.620970.426780
LSAL,356364485,149.276,100.591289,100.591289
LSIK,359570776,99.286,200.692231.350733.999566,200.692231.350733.999566
LSKE,360887278,0,400,400
LSTR,360886273,25321.004,600,600.043770
LTRE,356363076,2557.648,100.567134.179319.815989,100.567134.179319.815989
MAHD,356347721,75.932,100.190442.998192.349877.237590,100.190442.998192.349877.237590
MBNK,360884031,0,915.669295.253982,915.669295.253982
MCGR,356363393,322.567,100.639480,100.639480
MDEA,359571877,124752.256,200.692231.708347,200.692231.708347.411887
MESC,360884979,50.071,600.342012,600.342012
MESI,359569600,1477.214,200.948755.944297,200.948755.944297
MFRA,356364114,477053.278,100,100.338869
MFRT,359567604,83108.332,200.692231.350733,200.692231.350733.271989
MIDR,356363115,2556.995,100.567134.179319.815989.532920,100.567134.179319.815989.532920
MILL,359571450,44.361,200.948755.796981.308302,200.948755.796981.308302
MMUS,359572801,118081.577,200.692231.350733.577347,200.692231.350733.577347.301419
MORI,360881072,0,950.012855,950.012855
MORK,356364114,889880.376,100,100.632108
MORR,360885316,61.996,400.431358.585806,400.431358.585806
MPRO,359571732,79772.22,200.692231.350733.577347.047212,200.692231.350733.577347.047212.274661
MSKE,360887278,335258.914,400,400.534602
MSTR,360886273,247271.635,600,600.398887
MURR,359570273,67.17,200.948755.808139.320884,200.948755.808139.320884
MURT,356357953,269.219,100.190442.998192.349877.581724,100.190442.998192.349877.581724.002008
MUSK,356362951,16.976,100.591289.413213,100.591289.413213
NAHR,360880826,2100.018,700.998191.999667,700.998191.999667.005355
NAKR,360874795,68.561,700.999247,700.999247
NARC,356364114,596467.83,100,100.423445
NASC,360879788,0,910.318106,910.318106
NASR,360885942,123244.233,500,500.300890
NATR,359573047,2311.838,200.948755.937012,200.948755.937012
NAZR,356362782,16.282,100.500560.326229,100.500560.326229
NBNK,360857055,0,915.669295.759486,915.669295.759486
NECL,360835556,0,910.280177,910.280177
NECR,356362759,91989.491,100.567134,100.567134.179319
NEVI,354154451,0,920.954598,920.954598
NICL,356363343,116548.966,100.190442.244975,100.190442.244975.539934
NIEL,360858825,0,910.231256,910.231256
NIMP,354154936,0,920.824808,920.824808
OKAN,356570548,131866.891,300.432687,300.432687.423000
OSPK,359573063,47.689,200.948755.951156,200.948755.951156
OWIK,360885716,0,910.118506,910.118506
PARA,359001899,6952.024,200.948755,200.948755.936704
PARK,354153615,0,920.470275,920.470275
PARS,359567332,473.416,200.948755.936902,200.948755.936902
PCEA,359572348,1706738.385,200.948755,200.948755.871814
PINE,359566694,1179.413,200.948755.808139,200.948755.809111
PITR,360883088,79.394,600.683111,600.683111
PORI,360796428,0,915.724877.161993,915.724877.161993
QUES,356363937,197.737,100.458399,100.458399
REVL,356365459,0,300,300.778261
SAHD,359570070,189874.464,200.692231.270936,200.692231.270936.433452
SAHT,359569477,162.361,200.692231.350733.487083,200.692231.350733.487083
SAJR,356331833,73.481,100.382626,100.382626
SALM,354152994,0,920.722273,920.722273
SALR,356364485,124906.769,100.591289,100.591289.413213
SANJ,354155007,0,930.073434,930.073434
SETN,356364114,272491.786,100,100.193468
SEYM,360878507,0,900.690764,900.690764
SHEK,359572452,0,200.893458.633613.058706,200.893458.633613.058706
SHER,360879671,69.085,700.998191.999517,700.998191.999517
SHUL,355994468,0,100.190442.999098.995997,100.190442.999098.995997.520057
SIML,356570170,44751.169,300.432687.380566,300.432687.380566.184025
SKGT,356570000,196782.506,970.106243,970.106243.770593
SLOC,356564083,86.408,300.625474.020842,300.625474.020842
SMAR,356570348,495206.392,300.625474,300.625474.636250
SMOK,359564900,168002.102,200.948755.667407.370931,200.948755.667407.370931.607899
SPAT,360887017,1252.148,600.756349,600.757007
SQAM,360886594,0,900.105574,900.105574
STHM,356361760,113.093,100.190442.999098,100.190442.999098
STIR,360886273,130110.996,600,600.209418
STUL,356364095,109372.37,100.567134.179319,100.567134.179319.579408
STUR,356364095,80.66,100.567134.179319,100.567134.179319
SUST,360880688,366.846,400.757844,400.757844
SWIR,360882540,1604.272,800.901317.630554,800.901317.630554
TABR,356364114,750861.605,100,100.531379
TAHR,360885419,10.695,600.377323,600.377323
TAHS,354154226,0,930.673175,930.673175
TAKL,356363115,54801.146,100.567134.179319.815989.532920,100.567134.179319.815989.532920.423754
TASR,356364079,43.044,100.342455.328500.134035,100.342455.328500.134035
TATR,360886901,85450.544,990,990.251896
TAYR,360877831,18.876,500.617060,500.617060
TESR,360887301,254467.303,800.901317,800.901317.555097
THOM,356364690,152.346,100.190442,100.190442
TOAD,359572373,302.332,200.692231.445633,200.692231.445633
TOBA,360882568,0,900.391855,900.391855
TOOD,359569942,99080.377,200.948755.999851,200.948755.999851.323693
TSAY,360880637,0,910.609623,910.609623
TSEA,359570070,158495.702,200.692231.270936,200.692231.270936.362382
TSIT,354154894,0,920.782999,920.782999
TURN,359571382,71.984,200.692231.587311.296913,200.692231.587311.296913
TUTR,360222880,0,800.936764,800.936764.651605
TUYR,360886680,35.699,600.392439,600.392439
TWAC,356364114,538370.18,100,100.382193
UARL,356365471,0,300,300.723180
UBIR,360882877,79681.619,500.530253,500.530253.469654
UBTN,359572281,146558.164,200.948755.796981,200.948755.796981.290132
UCHR,356363411,154303.25,100.342455,100.342455.457347
UDEN,360883982,148418.537,910.302877,910.302877.487378
UEUT,356364210,8030.226,100.567134.642019,100.567134.642019
UFRA,356364114,1189575.886,100,100.843983
UFRT,359567604,240543.496,200.692231.350733,200.692231.350733.800009
UHAF,359570578,89965.363,200.948755.837217,200.948755.837217
UISR,360884856,126807.127,600.059339,600.059339.517812
UJER,360886708,83726.043,800.901317.645839,800.901317.645839.503729
UKEC,359572903,98906.546,200.692231.587311,200.692231.587311.276814
ULRD,359573055,716391.1,200.692231,200.692231.583867
UMUS,359572801,157322.976,200.692231.350733.577347,200.692231.350733.577347.402991
UNAR,360885942,252488.138,500,500.616312
UNRS,356362759,373479.603,100.567134,100.567134.729276
UNTH,356363833,131244.45,100.190442.998192,100.190442.998192.352602
UNUR,360885895,44485.442,960.195906,960.195906.383023
UOMI,359571933,89150.479,200.948755.944288,200.948755.944288.335322
UPCE,359572348,1584918.071,200.948755,200.948755.810343
UPET,359570070,240234.633,200.692231.270936,200.692231.270936.544657
UPRO,359571732,156956.618,200.692231.350733.577347.047212,200.692231.350733.577347.047212.552328
USHU,355991940,0,100.190442.999098.995997.730848,100.190442.999098.995997.730848.384299
USIK,359570776,115851.379,200.692231.350733.999566,200.692231.350733.999566.299636
USKE,360887278,505599.116,400,400.807623
USTK,360886273,424562.892,600,600.683111
UTRE,356363076,28521.353,100.567134.179319.815989,100.567134.179319.815989.377450
VICT,354151971,0,920.232404,920.232404
WILL,356360570,152.675,100.594120,100.594120
WORC,360861249,0,910.881783,910.881783
ZYMO,360881231,392.616,400.221484,400.221484
