"stream_crossing_id","blk_link","blk_fresh","drm_link","drm_fresh","dist_link","dist_fresh","link_999","wsg_fresh","status"
20,360564702,360564702,108,107,115.362750155927,115.362750155927,FALSE,"NASR","tie"
807,356465027,356454927,24,296,47.9746226836451,139.063675819876,TRUE,"KHOR","link_999"
1254,354150004,354150004,4923,4924,64.2879545867374,64.2879545867374,FALSE,"ALBN","tie"
1467,360262041,360787670,13,1917,39.6038150961637,86.628110608009,TRUE,"GRAI","link_999"
1632,360537922,NA,0,NA,88.9167773436853,NA,TRUE,NA,"link_999"
1646,360762576,NA,104,NA,119.445645405615,NA,TRUE,NA,"link_999"
2718,360419025,NA,184,NA,144.799726064865,NA,TRUE,NA,"link_999"
3329,356390770,NA,108,NA,80.6092441845659,NA,TRUE,NA,"link_999"
3506,356256028,356256028,257,258,68.5969119316054,68.5969119316054,FALSE,"UFRA","tie"
3544,356361023,356361023,5227,5226,26.8180041165597,26.8180041165597,FALSE,"UFRA","tie"
3703,356136396,356136396,64,63,107.416993211403,107.416993211403,FALSE,"SHUL","tie"
4644,354150654,354150654,1683,1684,148.451763131448,148.451763131448,FALSE,"ALBN","tie"
5753,356352893,356352893,97,96,84.561039934365,84.561039934365,FALSE,"MCGR","tie"
6903,359569600,359569600,107356,107357,125.695874022542,125.695874022542,FALSE,"MESI","tie"
7470,356544491,356544491,1883,1884,52.183857969745,52.183857969745,FALSE,"OKAN","tie"
7850,356363541,356363541,6810,6811,93.7163565837614,93.7163565837614,FALSE,"MORK","tie"
8120,356373937,NA,204,NA,135.241410873861,NA,TRUE,NA,"link_999"
50642,356553354,356553354,5737,5736,131.03349462748,131.03349462748,FALSE,"COLR","tie"
51072,356520533,356520533,142,141,85.5562906225882,85.5562906225882,FALSE,"CLRH","tie"
51446,356362363,356362363,3205,3204,103.730587701612,103.730587701612,FALSE,"HARR","tie"
51510,356341317,356341317,292,293,56.1327637395726,56.1327637395726,FALSE,"HARR","tie"
63463,356334611,356334611,1336,1337,57.0324441351634,57.0324441351634,FALSE,"LILL","tie"
63483,356126765,356260867,363,666,90.4365548330172,94.6220711180769,TRUE,"LILL","link_999"
63502,356041108,NA,404,NA,66.2034596365708,NA,TRUE,NA,"link_999"
68037,356358236,356358236,15,14,24.538857105361,24.538857105361,FALSE,"LILL","tie"
69319,360669156,NA,200,NA,29.0873285119171,NA,TRUE,NA,"link_999"
101956,354153672,354153672,2979,2978,47.665692358003,47.665692358003,FALSE,"NIMP","tie"
123540,360394160,NA,93,NA,138.015224642461,NA,TRUE,NA,"link_999"
123552,360775623,360775623,1954,1955,123.017222016892,123.017222016892,FALSE,"BULK","tie"
125366,359566265,359566265,190,191,29.6353281412776,29.6353281412776,FALSE,"PARS","tie"
125630,359554019,359554019,9908,9909,116.379772679323,116.379772679323,FALSE,"LHAF","tie"
196256,356341757,356341757,1266,1265,100.505039698391,100.505039698391,FALSE,"TABR","tie"
203840,360840182,360840182,309,310,31.7935242773198,31.7935242773198,FALSE,"KLUM","tie"
